car,image
Mercedes-Benz B-Class,Mercedes-Benz B-Class timeline.jpg
Audi A3,Audi A3 front 20070324.jpg
Audi A5,Audi A5 left.JPG
Audi Q5,Audi Q5 logo.jpg
Bentley Bentayga,Bentley Bentayga (FL) IMG 3265.jpg
Datsun Redi-Go,Datsun redi-Go (front).png
Ferrari 458 Spider,Ferrari 458 Spider.jpg
Ferrari 488 Gtb,Ferrari 488 GTB IMG 4120.jpg
Ferrari Portofino,"Ferrari Portofino, Paris Motor Show 2018, IMG 0642.jpg"
Fiat Punto Evo,Fiat Punto Evo front 20100731.jpg
Ford Figo,Ford Figo front.JPG
Hyundai Creta,Hyundai Creta India.jpg
Jaguar F-Pace,Jaguar F-Pace (front 3-4).JPG
Mahindra Scorpio,Mahindra Scorpio.jpg
Mahindra Xuv500,Mahindra XUV500 (15756612424).jpg
Mahindra Xylo,Mahindra Xylo.png
Maserati Granturismo,Maserati GranTurismo.JPG
Mini Clubman,Mini clubman.jpg
Mitsubishi Montero,Mitsubishi Montero 4.jpg
Nissan Gtr,Nissan GT-R 02.JPG
Nissan Kicks,Nissan Kicks.jpg
Renault Triber,Renault Triber (front view).png
Tata Hexa,Tata Hexa (10).JPG
Tata Nano Genx,Tata Nano - GenX 01.JPG
Tata Winger,Tata Winger.png
Toyota Glanza,Toyota Glanza (front).jpg
Volkswagen Ameo,VW Ameo rear.jpg
