Brand,logo
ACURA,Acura logo.svg
ALFA ROMEO,Alfa Romeo 8c Spider - Flickr - The Car Spy (2).jpg
Bentley,Bentley symbol.jpg
BUICK,Buick-logo.svg
CADILLAC,Grill Emblem - 2012 Cadillac CTS-V Coupe (6859758842).jpg
CHEVROLET,Chevrolet logo text.png
CHRYSLER,New-Chrysler-logo-wings-630x134.jpg
DODGE,Dodge black logo.svg
GENESIS,#
GMC,GMC-Logo 2.svg
INFINITI,Infiniti Logo.png
LINCOLN,#
LOTUS,Lotus Cars 2019 logo.svg
MAZDA,LogoMazda2008.jpg
MCLAREN,McLaren-logo-2002-2560x1440.png
RAM,#
SMART FORTWO,Smart fortwo passion w450.jpg
SUBARU,Versacraft Corporation ad with Subaru logo 20171014.jpg
TESLA,Tesla Motors.svg
MERCEDES-BENZ,Mercedes-Benz Logo 2010.svg
ROLLS-ROYCE,Rolls royce motorcars logo.svg
ASTON,Aston martin (cropped).jpg
AUDI,Audi.png
BAJAJ,#
BENTLEY,Bentley symbol.jpg
BMW,BMW.svg
BUGGATI,#
DATSUN,Datsun logo.png
DC,#
FERRARI,LogodeFerrari.jpg
FIAT,FIAT logo (2020).svg
FORCE,#
FORD,Ford logo flat.svg
HONDA,Honda.svg
HYUNDAI,Hyundai Motor Company logo.svg
ICML,Icml.jpg
ISUZU,Isuzu.svg
JAGUAR,Jaguar Logo Text.png
JEEP,Jeep wordmark.svg
KIA,KIA logo3.svg
LAMBORGHINI,Lamborghini Logo.jpg
LAND ROVER,LandRover.svg
LEXUS,Lexus.svg
MAHINDRA,Mahindra Rise New Logo.svg
MARUTI SUZUKI,Logo for Maruti Suzuki.svg
MASERATI,Maserati - logo.jpg
MG,MG stojan.JPG
MINI,MINI logo.svg
MITSUBISHI,Mitsubishi Motors SVG logo.svg
NISSAN,Nissan 2020 logo.svg
PORSCHE,Porsche-Automarken-Logo.jpg
PREMIER,Premier Ltd.svg
RENAULT,Renault 2021.svg
SKODA,Skoda -1200x1200.jpg
TATA,Tata Motors.svg
TOYOTA,Toyota carlogo.svg
VOLKSWAGEN,Volkswagen logo 2019.svg
VOLVO,Volvo Trucks Logo.png
GO,#
