Brand,data,
ACURA,"అకురా అనేది జపనీస్ వాహన తయారీదారు హోండా లగ్జరీ వాహన విభాగం. ఈ బ్రాండ్ యునైటెడ్ స్టేట్స్, కెనడాలో 27 మార్చి 1986 న ప్రారంభించబడింది, మార్కెటింగ్ లగ్జరీ, పనితీరు, అధిక పనితీరు గల ఆటోమొబైల్స్. ఇది 1991 లో హాంకాంగ్ (2009 వరకు), 2004 లో మెక్సికో, 2006 లో చైనా, 2014 లో రష్యా (రష్యాలో అందుబాటులో లేదు), 2015 లో కువైట్లకు పరిచయం చేయబడింది, ఉక్రెయిన్‌లో కూడా విక్రయించబడింది (2018 వరకు). 2008 లో అకురాను జపనీస్ దేశీయ మార్కెట్ (జెడిఎం) కు పరిచయం చేయాలన్న హోండాప్రణాళిక ఆర్థిక కారణాల వల్ల ఆలస్యం అయింది, తరువాత 2007-2008 ఆర్థిక సంక్షోభం ఫలితంగా నిలిపివేయబడింది.\nఅకురా మొదటి జపనీస్ ఆటోమోటివ్ లగ్జరీ బ్రాండ్. అకురా సృష్టి ఒక జెడిఎం హోండా డీలర్‌షిప్ సేల్స్ ఛానెల్‌ని పరిచయం చేసింది, దీనిని హోండా క్లియో అని పిలుస్తారు, ఇది లగ్జరీ వాహనాలను విక్రయించింది, గతంలో స్థాపించిన హోండా వెర్నోలో చేరింది, తరువాత సంవత్సరం హోండా ప్రిమోలో చేరింది. ఉనికిలో ఉన్న మొదటి కొన్ని సంవత్సరాలలో, అకురా యుఎస్‌లో అత్యధికంగా అమ్ముడైన లగ్జరీ మార్కులలో ఒకటి. 1990 ల మధ్య నుండి చివరి వరకు అమ్మకాలు తగ్గినప్పటికీ, తీవ్రమైన రీడిజైన్‌లు, కొత్త మోడళ్ల పరిచయం కారణంగా బ్రాండ్ 2000 ల ప్రారంభంలో పునరుద్ధరణను ఎదుర్కొంది.\n1980 ల చివరలో, సంస్థ మొట్టమొదటి ప్రధాన వాహనం, లెజెండ్ విజయం తోటి జపనీస్ వాహన తయారీదారులు టయోటా, నిస్సాన్ వరుసగా తమ సొంత లగ్జరీ బ్రాండ్లైన లెక్సస్, ఇన్ఫినిటీలను ప్రారంభించటానికి ప్రేరేపించింది. మిడ్-ఇంజిన్ అన్యదేశ స్పోర్ట్స్ కారు అయిన ఎన్ఎస్ఎక్స్ 1990 లో అన్యదేశ యూరోపియన్ స్పోర్ట్స్ కార్లకు నమ్మకమైన, ఆచరణాత్మక ప్రత్యామ్నాయాన్ని అందించింది, హోండా విటిఇసి వేరియబుల్ వాల్వ్ టైమింగ్ సిస్టమ్‌ను ఉత్తర అమెరికా మార్కెట్‌కు ప్రవేశపెట్టింది. 1993 లెజెండ్ కూపేలో అకురా మొదటిసారి 6-స్పీడ్ మాన్యువల్ ట్రాన్స్మిషన్‌ను ఉపయోగించారు, ఇది టైప్ II ఇంజిన్‌తో జతచేయబడింది.",
ALFA ROMEO,"ఆల్ఫా రోమియో ఆటోమొబైల్స్ ఎస్.పి.ఎ. ఇటాలియన్ ప్రీమియం కార్ల తయారీ సంస్థ. స్టెల్లాంటిస్ వారి అనుబంధ సంస్థ. ఈ కంపెనీని 1910 జూన్ 24న ఇటలీలోని మిలన్ లో స్థాపించారు. 'ఆల్ఫా' అనేది దాని వ్యవస్థాపక, ప్రాథమిక పేరు, 'అనోనిమా లాంబార్డా ఫాబ్రికా ఆటోమొబిలి' వారి సంక్షిప్త నామం. 'అనోనిమా' అనే పేరు కంపెనీ పేరు . అనోనిమా అంటే గుర్తు తెలియని వారు అని అర్థం, ఎందుకంటే దీని స్థాపించిన వారు గుర్తు తెలియని పెట్టుబడి దారులు. ఈ బ్రాండ్ క్రీడ-ఆధారిత వాహనాలకు ప్రసిద్ధి చెందింది, 1911 సంవత్సరమునుంచి కారు రేసింగ్ పోటీలలో ఉన్నది . ఆల్ఫా రోమియో ఫియట్ క్రిస్లర్ ఆటోమొబైల్స్ యాజమాన్యంలో ఉంది, కంపెనీ కార్యకలాపాలు పూర్తిగా పిఎస్ఎ గ్రూప్ తో విలీనం అయ్యే వరకు ఆల్ఫా రోమియో కార్ల నిర్మాణ బాధ్యత వహించినది . 16 జనవరి 2021న పిఎస్ఎ గ్రూప్ స్టెల్లాంటిస్ ను ఏర్పాటు చేసింది. సంస్థ నిర్మించిన మొదటి కారు గిసెప్పి మెరోసి రూపొందించిన 1910 24 హెచ్ పి.",
ASTON,"ఆస్టన్ మార్టిన్ లాగొండ లగ్జరీ స్పోర్ట్స్ కార్లు, గ్రాండ్ టూరర్స్ తయారుచేసే బ్రిటిష్ స్వతంత్ర తయారీదారు. ఈ సంస్థను 1913 లో లియోనెల్ మార్టిన్, రాబర్ట్ బామ్‌ఫోర్డ్ స్థాపించారు. డేవిడ్ బ్రౌన్ చేత 1947 నుండి నడిచిన ఇది 1950,1960 లలో ఖరీదైన గ్రాండ్ టూరింగ్ కార్లతో సంబంధం కలిగి ఉంది. 1964 చిత్రం గోల్డ్ ఫింగర్‌లో డిబి5 మోడల్‌ను కాల్పనిక పాత్ర జేమ్స్ బాండ్‌ ఉపయోగించారు. ఈ స్పోర్ట్స్ కార్లను బ్రిటిష్ సాంస్కృతిక చిహ్నంగా పరిగణిస్తారు. ఆస్టన్ మార్టిన్ 1982 నుండి ప్రిన్స్ ఆఫ్ వేల్స్ మోటారు కార్ల పరిరక్షకుడిగా రాయల్ వారెంట్‌ను కలిగి ఉన్నారు మరియు 53 దేశాలలో 160 కి పైగా కార్ డీలర్‌షిప్‌లను కలిగి ఉన్నారు, ఇది ప్రపంచ ఆటోమొబైల్ బ్రాండ్‌గా మారింది. లండన్ స్టాక్ ఎక్స్ఛేంజ్లో వర్తకం చేయబడింది, ఇది ఎఫ్ టి ఎస్ ఈ 250 ఇండెక్స్ భాగం. అంతర్జాతీయ వాణిజ్యానికి విశేష కృషి చేసినందుకు 2003 లో ఎంటర్ప్రైజ్ కోసం క్వీన్స్ అవార్డును అందుకుంది.",
AUDI,"ఆడి ఎ జి జర్మన్ దేశ ఆటోమొబైల్ దేశ కార్ల తయారీ సంస్థ. విలాసవంతమైన కార్లకు ప్రసిద్ధి గాంచినది. జర్మనీలోని బవేరియాలోని ఇంగోల్. ఆడి వాహనాలు ప్రపంచవ్యాప్తంగా తొమ్మిది కేంద్రాల్లో ఉత్పత్తి చేయబడుతున్నాయి. ఆడి పేరు సంస్థ స్థాపకుడైన ఆగష్టు హోర్చ్ పై లాటిన్, జర్మన్ అర్థాలపై ఉంది . ఆడి కంపెనీ లోగో ( నాలుగు రింగులు ) నాలుగు కార్ల కంపెనీలలో ఒక దానిని ఆధారం చేసుకొని ఉన్నది. ఆడి కంపెనీ నినాదం వోర్స్ప్రంగ్ డర్చ్ టెక్నిక్, దీని అర్థం 'బీయింగ్ ఎహెడ్ త్రూ టెక్నాలజీ'. ఆడి కార్ల అమ్మకం ఇతర జర్మనీ కార్ల కంపెనీలైన మార్క్వెస్ బిఎమ్ డబ్ల్యు, మెర్సిడెస్ బెంజ్ లతో పాటు  ప్రపంచంలో అత్యధికంగా అమ్మకం జరుగుతున్న లగ్జరీ ఆటోమొబైల్ బ్రాండ్లలో ఒకటి గా ఉన్నది.",
BAJAJ,"బజాజ్ ఆటో లిమిటెడ్ భారతీయ బహుళ జాతి స్కూటర్ల, మోటారు సైకిళ్ళ,  ఆటో ల తయారీ సంస్థ. మహారాష్ట్రలోని పూనే  నగరం లో  వీటిని ఉత్పత్తి చేస్తారు . బజాజ్ ఆటో బజాజ్  గ్రూప్ ల  విభాగము.  1940 సంవత్సరం లో రాజస్థాన్ లో  జమన్ లాల్ బజాజ్  స్తాపించినాడు.  బజాజ్ కంపెనీ ఉత్పత్తి ప్లాంట్లు చకన్ (పూనే), వజూజ్ (ఔరంగాబాద్), పంత్ నగర్ (ఉత్తరాఖండ) దగ్గర ఉన్నాయి.   బజాజ్  రీసెర్చ్ ప్లాంట్ ""అకుర్ది"" (పూనే)  కంపెనీ పురాతనమైన ప్లాంట్ లో ఉన్నది .  బజాజ్ ఆటో తమ  ఉత్పత్తులలో   దేశ, విదేశాలలో  ప్రసిద్ధి గాంచి, మోటార్ సైకిళ్ళ తయారీలో భారత దేశం లో రెండవ  స్థానం లో, ఆటోల తయారీలో ప్రపంచము లో  3 వ స్థానం లో ఉన్నది. ",
BENTLEY,"బెంట్లి మోటార్స్ లిమిటెడ్ బ్రిటిష్ తయారీ సంస్థ, ఎస్ యు వి విలాసమంతమైన  కార్ల మార్కెటింగ్ తో ఉన్నది.1988 సంవత్సరము నుంచి వోల్క్స్ వాగెన్ లోని విభాగం. బెంట్లి మోటార్స్ లిమిటెడ్ కంపెనీ ప్రధాన కార్యాలయం క్రీవ్, ఇంగ్లాండ్  లో  ఉన్నది. డబ్ల్యూ. ఓ. బెంట్లీ 1919 సంవత్సరం లో బెంట్లీ మోటార్స్ లిమిటెడ్‌గా నార్త్ లండన్‌లోని  క్రికిల్ ఉడ్లో స్థాపించాడు.  ఈ కంపెనీ తయారుచేసే  వాటిలో  స్పోర్ట్స్- రేసింగ్ కారు బెంట్లీ 4½ లీటర్, బెంట్లీ స్పీడ్ సిక్స్, బెంట్లీ ఆర్ టైప్ కాంటినెంటల్, బెంట్లీ టర్బో ఆర్,  బెంట్లీ ఆర్నేజ్, ఫ్లైయింగ్ స్పర్, కాంటినెంటల్ జిటి, బెంటాయిగా, ముల్సాన్లతో అన్ని మోడల్స్ ప్రపంచ వ్యాప్తంగా అమ్ముతున్నారు. చైనా   దేశంలో  అమ్మకాలలో నవంబర్ 2012 సంవత్సరం వరకు అగ్రగామిగా ఉన్నది.",
BMW,"బెయేరిషె మోటార్ వెర్క్ ఎ జి ,  ( బి ఎమ్ డబ్ల్యూ )  జర్మనీ దేశ బహుళ జాతి సంస్థ. ఈ కంపెనీ   విలాస  వంతమైన  కార్లు , మోటార్ సైకిల్స్ ను తయారు చేస్తారు . బెయేరిషె మోటార్ వెర్క్ ఎ జి  కంపెనీ 1916 సంవత్సరములో ఎయిర్ క్రాఫ్ట్ ఇంజిన్స్  తయారీ తో ప్రారంభించి ,1917 సంవత్సరమునుండి 1918 వరకు , 1933 సంవత్సరము నుంచి 1945 సంవత్సరము వరకు ఎయిర్ క్రాఫ్ట్ ఇంజిన్స్  ఉత్పత్తి  లో ఉన్నారు.\nకంపెనీ నుంచి  తయారు చేసే  ఆటోమొబైల్స్ బిఎమ్ డబ్ల్యు  , మినీ , రోల్స్ -రైస్ , మోటార్ సైకిల్స్  బిఎమ్ డబ్ల్యు మోటార్  పేరుతొ అమ్ముతున్నారు. బిఎమ్ డబ్ల్యు 2017 సంవత్సరము వరకు మోటార్ వెహికల్స్  2, 279,503  తయారు చేసి ప్రపంచములో 14 వ స్థానం లో ఉన్నది.  బిఎమ్ డబ్ల్యు టూరింగ్ కార్లు , ఫార్ములా 1 , స్పోర్ట్స్ కార్లలో ,ఐల్  ఆఫ్ మ్యాన్ టిటి   వాహన తయారీలో  ప్రసిద్ధి గాంచినవి.  బిఎమ్ డబ్ల్యు ప్రధాన కార్యాలయం మ్యూనిచ్ లో ఉంది. బిఎమ్ డబ్ల్యు మోటార్ వెహికల్స్  తయారు చేసే  కర్మాగారాలు  జర్మనీ, బ్రెజిల్ , చైనా, ఇండియా , మెక్సికో,నెథర్లాండ్స్,సౌత్ ఆఫ్రికా , యునైటెడ్ కింగ్ డమ్, యునైటెడ్ స్టేట్స్  దేశాలలో  ఉన్నాయి",
BUGGATI,"ఎట్టోర్ బుగాటి  ఆటోమొబైల్స్   ఫ్రెంచ్    దేశ కార్ల  కంపెనీ. దీని వ్యవస్థాపకుడు ఎట్టోర్ బుగాటి( పారిశ్రామిక డిజైనర్ )   ఇటాలియాన్ సంతతికి చెందిన వాడు. ఎట్టోర్ బుగాటి  కంపెనీ  కార్ల తయారీలో  వాటి డిజైన్స్ , కార్ల రేస్ లలో పాల్గొనే    వాటిలో పేరుగాంచినవి .  ఈ  కంపెనీ నుంచి తయారు అయ్యే ప్రసిద్ధి గాంచిన తయారు అయ్యేకార్లలలో  టైపు 35 గ్రాండ్ ఫిక్స్ కార్లు , టైపు 41 రాయల్ కార్లు , టైపు 57 అట్లాంటిక్ , టైపు 55 స్పోర్ట్స్ కార్లు  మొదలైనవి ఉన్నాయి.\n1939 సంవత్సరములో  ఎట్టోర్ బుగాటి  కుమారుడు  జీన్ బుగాటి మరణం, ఎట్టోర్ బుగాటి 1947 సంవత్సరములో మరణం తో , వారసుడు లేక , కంపెనీ నాయకత్వ బాధ్యతలకు ఎవరు లేక పోవడం,  చివరకు  కంపెనీ  మూసివేసే దిశగా   వెళ్ళింది .   అప్పటి వరకు  ఈ కంపెనీ  ద్వారా 8000 కార్ల ఉత్పత్తి జరిగింది. 1987 సంవత్సరములో ఇటాలియన్ దేశస్థుడు  కంపెనీ ని కొనుగోలు చేసి, మోడానా నగరం  లో కొద్దిపాటి స్పోర్ట్స్ కార్లను ఉత్పత్తి చేశాడు . వోక్స్ వ్యాగన్ గ్రూప్ 1988 సంవత్సరములో కంపెనీ హక్కులను  తీసుకొని, ,అల్సేస్ లోని మోల్స్ హీమ్ కేంద్రంగా తిరిగి ఒక అనుబంధ సంస్థను ఏర్పాటు చేసింది.",
BUICK,"బ్యూక్ కంపెనీ అమెరికన్ ఆటోమొబైల్ తయారీ సంస్థ జనరల్ మోటార్స్ ( జి ఎమ్ ) విభాగం లోనిది.  1908 సంవత్సరం లో జనరల్ మోటార్స్ విభాగం లో డేవిడ్ డన్బార్ బ్యూక్ చే ప్రారంభించబడినది.  ఆటోమొబైల్స్ రంగములో  ప్రసిద్ధి గాంచిన  అమెరికన్ బ్రాండ్ వేసుకున్న కంపెనీ. బ్యూక్  దగ్గర  జనరల్ మేనేజర్ గా పనిచేసిన   విలియం సి. డ్యురాంట్  ప్రధాన పెట్టుబడి దారుడు.\nఉత్తర అమెరికా మార్కెట్ లో బ్యూక్ బ్రాండ్   విలాసనంతమైన  కార్ల తయారీలో  తన దైన  బ్రాండ్  వేసుకున్నది .  బ్యూక్ కార్లు ప్రపంచ వ్యాప్తం గా 2017 సంవత్సరము లో 1.4 మిలియన్ల వాహనాల అమ్మకాలు జరిగాయి. ఇది ఒక రికార్డు.  బ్యూక్ కార్లు ప్రధాన మార్కెట్ చైనా దేశం, చైనా దేశంలో 80 శాతము బ్యూక్-బ్రాండెడ్ ఆటోమొబైల్స్ అమ్మ బడుతున్నాయి . బ్యూక్-బ్రాండెడ్ ఆటోమొబైల్స్ యునైటెడ్ స్టేట్స్, కెనడా , మెక్సికో దేశాలలో వీటిని అమ్ముతున్నారు.",
CADILLAC,"కాడిలాక్ మోటార్ కార్ డివిజన్  అమెరికన్ ఆటోమొబైల్ తయారీదారు జనరల్ మోటార్స్ కంపెనీ (జిఎమ్) లోని  విభాగం, ఈ కార్ డివిజన్  విలాసవంతమైన  వాహనాలను డిజైన్, నిర్మాణం చేస్తుంది .కాడిలాక్ మోటార్ సంస్థ కంపెనీ వాహనాల మార్కెట్ యునైటెడ్ స్టేట్స్, కెనడా , చైనా దేశాలు . ఇవి గాక ప్రపంచ వ్యాప్తం గా  34 దేశాలలో మార్కెట్ చేస్తున్నారు. కాడిలాక్ మోటార్ ఆటోమొబైల్స్ విలాసవంతమైన కార్లు   అమెరికా  దేశం లో ఎక్కువగా అమ్మకాలు ఉన్నాయి . 2019 సంవత్సరములో ప్రపంచ వ్యాప్తం  గా 3,90,458 అమ్మకాలతో, ప్రపంచములో  రికార్డు గా నిలిచింది.\nకాడిలాక్ వాహనాలు   ప్రపంచములో  మొదటి ఆటోమోటివ్ బ్రాండ్ , యునైటెడ్ స్టేట్స్ లో 4 వ స్థానం. కాడిలాక్ పేరు ఆ సంస్థ వ్యవస్థాపకుడు అంటాయనే డె లా  మోతె కాడిలాక్ తో ఉన్నది. డెట్రాయిట్ , మిచిగాన్ లో కంపెనీ ని స్థాపించాడు. కాడిలాక్ చిహ్నం ఆటోమాటివ్ కంపెనీ లలో లీడర్ ( అగ్రశ్రేణి ) గుర్తు  గా ఉన్నది.\nకాడిలాక్ వాహనాల   భాగాల పరీక్షలో యునైటెడ్ స్టేట్స్ నుంచి  1908 సంవత్సరం లో  యునైటెడ్ కింగ్ డమ్ వెళ్లి    రాయల్ ఆటోమొబైల్ క్లబ్   పరస్పర భాగాల మార్పిడిలో విజయవంతం గా ప్రదర్శిండం తో,  ఆ క్లబ్ నుంచి  డెవార్ ట్రోఫీ గెలుచుకున్న మొదటి అమెరికా దేశ కంపెనీ  గా  నిలిచింది . ఈ విజయవంతం తో సంస్థ నినాదం “ స్టాండర్డ్ ఆఫ్ ది వరల్డ్' కు దారి తీసింది . ఎలక్ట్రిక్ స్టార్టింగ్, లైటింగ్ ను  వాహనాలలో  కంపెనీ  చేర్చడం ద్వారా,గి 1912 సంవత్సరములో  తిరిగి  ట్రోఫీని కంపెనీ  గెలుచుకుంది.",
CHEVROLET,"చెవరోలేట్ ( చెవి )  జనరల్ మోటార్స్ (జిఎమ్) అమెరికన్ ఆటోమొబైల్ విభాగం లోనిది. లూయిస్చె చెవరోలేట్  ను  తొలగించి ,  విలియం సి. డ్యురాంట్ ( జనరల్ మోటార్స్ స్థాపకుడు)  చే  1911 నవంబరు 3 న చేవ్రొలెట్ మోటార్ కార్ కంపెనీగా సంస్థను ప్రారంభించాడు .  ప్రపంచ వ్యాప్తం గా చెవరోలేట్ బ్రాండ్ వాహనాలు అమ్మ బడతాయి . ఉత్తర  అమెరికాలో  సబ్ కాంపాక్ట్  వాహనాల నుంచి, మీడియం డ్యూటీ తో ఉన్న వాణిజ్య పరమైన వాహనాలు  తయారు చేస్తూ, అమ్మకాలతో ఉన్నది.",
CHRYSLER,"క్రిస్లర్ అమెరికా దేశం లో బిగ్ త్రి ఆటోమొబైల్ పరిశ్రమ  తయారీ  సంస్థలలో ఒకటి. ఈ కంపెనీ ప్రధాన కార్యాలయం ఉత్తర అమెరికా, మిచిగాన్ లోని ఆబర్న్ హిల్స్ లో ఉన్నది . ఈ కంపెనీ  స్టెల్లాంటిస్ ( డచ్)   కు  విభాగ సంస్థ. క్రిస్లర్ బ్రాండ్ తో పాటు, స్టెల్లాంటిస్ వాహననాలను   ఉత్తర  అమెరికా తో పాటు ప్రపంచవ్యాప్తంగా  డాడ్జ్, జీప్,రామ్  పేర్ల  కింద  వాహనాలను విక్రయిస్తుంది. వీటిలో మోపర్,  ఆటోమోటివ్ భాగాలు,ఉపకరణాల విభాగం, ఎస్ ఆర్ టి వంటివి ఉన్నాయి. మొట్ట మొదలు  క్రిస్లర్ కార్పొరేషన్ 1925 సంవత్సరం లో  వాల్టర్ క్రిస్లర్ చే ప్రారంభించబడినది . వాల్టర్ క్రిస్టల్  మాక్స్వెల్ మోటార్ కంపెనీ  నుంచి తీసుకున్నాడు . క్రిస్లర్ కంపెనీని 1998 సంవత్సరములో  డైమ్లర్-బెంజ్ కొనుగోలు చేసి, ఆ తర్వాత కంపెనీ పేరు   డైమ్లర్ క్రిస్లర్ గా మారింది. డైమ్లర్ తర్వాత , ఫియట్ ఎస్.పి.ఎ 2014  సంవత్సరంలో  కొనుగోలు చేయడానికి ముందు, ఈ   కంపెనీ  క్రిస్లర్ ఎల్ ఎల్ సి (2007-2009) , క్రిస్లర్ గ్రూప్ ఎల్ ఎల్ సి (2009-2014)  పేరుతొ ఉన్నది.",
DATSUN,"డాట్సన్  ఆటోమొబైల్ బ్రాండ్  నిస్సాన్  కంపెనీ లోనిది . డాట్సన్ వాహనాల తయారీ 1931 సంవత్సరం లో ప్రారంభం అయినది. 1958 సంవత్సరం నుండి  1986 సంవత్సరం ఎగుమతి అయ్యే వాహనాలను   డాట్సన్ గా గుర్తించబడినవి. 1986 సంవత్సరం  నాటికి, నిస్సాన్ డాట్సన్ పేరును  తొలగించి,  మార్కెట్ల కోసం తక్కువ ధరతో, కొత్త మోడల్స్ తో  తయారు చేసిన వాహనాల బ్రాండ్  తో  జూన్ 2013 సంవత్సరంలో తిరిగి ప్రారంభించింది. నిస్సాన్ 2019 ,2020 రెండవసారి డాట్సన్ బ్రాండ్ పేరు తొలగించారు.  డాట్సన్ పేరు అంతర్జాతీయంగా 510, ఫెయిర్ లేడీ రోడ్ స్టెర్స్, జెడ్ , జెడ్ఎక్స్ కు  ప్రసిద్ధి చెందింది.",
DC,డిసి డిజైన్ దిలీప్ ఛాబ్రియా నేతృత్వంలోని భారతీయ డిజైన్ సంస్థ. ఈ సంస్థ భారతదేశపు మొట్టమొదటి స్పోర్ట్స్ కారుగా పరిగణించబడే డిసి అవంతిని రూపొందించింది.,
DODGE,"డాడ్జ్ అమెరికా దేశ బ్రాండ్ ఉన్న ఆటోమొబైల్స్ స్టెల్లాంటిస్ విభాగం లోని సంస్థ.  ఉత్తర అమెరికా, మిచిగాన్ లోని ఆబర్న్ హిల్స్ లో  ఉన్నది.  ప్రస్తుతం డాడ్జ్ వాహనాల్లో కార్లు ఉన్నాయి. 1900  సంవత్సరం లో హొరేస్ ఎల్జిన్ డాడ్జ్, జాన్ ఫ్రాన్సిస్ డాడ్జ్  అన్నదమ్ములచే  డాడ్జ్ బ్రదర్స్ పేరుతొ, ఆటోమొబైల్స్ ప్రారంభించి , డెట్రాయిట్ వారి వాహనాల పరికరాలు  వంటి వాటికి  సరఫరా  దారుగా ఉన్నారు.\n1914  సంవత్సరం లో  ఫోర్డ్  వాహనాలకు 'డాడ్జ్ బ్రదర్స్' బ్రాండ్ కింద పూర్తి ఆటోమొబైల్స్  తయారీని  ప్రారంభించాడు. ఈ కర్మాగారం మిచిగాన్ లోని హామ్ట్రాంక్ లో ఉంది. 1910 సంవత్సరమునుండి   జనవరి 1980  సంవత్సరము వరకు కంపెనీ మూసివేసే వరకు  డాడ్జ్  వాహనాలు ఇక్కడ   తయారు చేయడం జరిగింది. జాన్ డాడ్జ్ 1920 జనవరిలో స్పానిష్ ఫ్లూ తో,  అతని సోదరుడు డిసెంబరులో మరణించారు. డాడ్జ్  కంపెనీని వారి కుటుంబ సభ్యులు 1928 లో క్రిస్లర్ కు విక్రయించడానికి ముందు 1925లో డిల్లాన్, రీడ్ &  కంపెనీ వారికి విక్రయించారు.",
FERRARI,"ఫెరారీ ఎస్.పి.ఎ. ఇటలీ దేశం లోని మారనెల్లో  ఉన్న  ఇటాలియన్ లగ్జరీ స్పోర్ట్స్ కార్ల తయారీ సంస్థ . 1939 సంవత్సరం లో  ఎన్జో ఫెరారీ చే స్థాపించబడిన ఈ సంస్థ ఆల్ఫా రోమియో రేస్ విభాగం నుండి  ఆటో ఏవియో కాస్ట్రుజియోని గా , 1940 సంవత్సరం  లో తన మొదటి కారును  నిర్మాణం చేసి , 1947 సంవత్సరం  లో మొదటి ఫెరారీ-బ్యాడ్జ్డ్ తో  కారును  తయారు చేసింది . ఫియట్ ఎస్.పి.ఎ. 1969 సంవత్సరం లో ఫెరారీలో 50 శాతము  కొనుగోలు చేసి, 1988 సంవత్సరం లో తన వాటాను 90 శాతము మేరకు తీసుకున్నది.\nఅక్టోబర్ 2014 సంవత్సరం  లో, ఫియట్ క్రిస్లర్ ఆటోమొబైల్స్ (ఎఫ్ సిఎ) ఫెరారీ ఎస్.పి.ఎ.ను ,  ఫియట్ క్రిస్లర్ ఆటోమొబైల్స్  ఎఫ్ సిఎ నుంచి  వేరు చేయాలనే తన  నిర్ణయంను  వెలువరించింది .  ఈ  ప్రకటన  వరకు ఫియట్ క్రిస్లర్ ఆటోమొబైల్స్   ఎఫ్ సిఎ ఫెరారీలో 90 శాతము వాటాను  కలిగి ఉంది. ఈ విభజన ప్రక్రియ   అక్టోబర్ 2015 సంవత్సరం లో      ఫెరారీ ఎస్.పి.ఎ. గ్రూపు  కొత్త హోల్డింగ్ కంపెనీగా ఫెరారీ ఎన్.వి నెదర్లాండ్స్  సంస్థ  ను స్థాపించిడం తో  పునర్నిర్మాణంతో ప్రారంభమైంది.",
FIAT,"ఫియట్ ఆటోమొబైల్స్ ఎస్. పి .ఎ ఫియట్  గా పిలువబడే ( ఇటాలియన్ ఆటోమొబైల్స్ సంస్థ , టురిన్  )   ఫియట్ క్రిస్లర్ ఆటోమొబైల్స్ పూర్వ పేరుగా ఉన్నది . 2021 సంవత్సరం నుంచి  స్టెల్లాంటిస్ కు  విభాగముగా  ఉన్నది. ఫియట్ ఆటోమొబైల్స్  2007 సంవత్సరంలో స్థాపించి,  ఫియట్ ఎస్. పి .ఎ గా గుర్తించబడి,  1899 సంవత్సరములో   మొదటి ఫియట్ 4 ఎచ్ పి  ఉత్పాదనను  గుర్తు చేసింది.\nఫియట్ ఆటోమొబైల్స్ అధికముగా   ఇటలీ దేశం లో  ఉత్పత్తి చేస్తారు . ఫియట్ ఆటోమొబైల్స్ కు ఉన్న వంద ఏళ్ళ చరిత్రలో అత్యధిక ఆటోమొబైల్స్ తయారీదారుగా యూరోప్ లో , ప్రపంచములో జనరల్ మోటార్స్ తర్వాత, ఇరవై సంవత్సరాలుగా  1980 సంవత్సర కార్ల సంక్షో భం  వచ్చే వరకు  3 వ స్థానములో  ఉన్నది  . 2013 సంవత్సరంలో ఫియట్ ఎస్ .పి ఎ ఉత్పత్తులలో  యూరోప్ లో రెండవ స్థానం, ప్రపంచం లో ఏడవ స్థానం లో ఉన్నది.",
FORCE,"ఫోర్స్ మోటార్స్ లిమిటెడ్ కంపెనీ భారత దేశ బహుళ జాతి ఆటోమోటివ్ తయారు చేసే పరిశ్రమ.  కంపెనీ ప్రధాన కార్యాలయం పూణే నగరం , మహారాష్ట్రలో  కలదు .  కంపెనీ వ్యవస్థాపకుడు డాక్టర్ అభయ్, ఫిరోదా గ్రూప్. 1958 సంవత్సరం నుండి 2005 సంవత్సరం వరకు ఈ కంపెనినీ బజాజ్ టెంపో మోటార్  గా పిలుబడదేది, ఎందుకంటే ఈ కంపెనీ భాగస్వామిగా  బచరాజ్ ట్రేడింగ్ లిమిటెడ్ వారితో , జర్మనీ టెంపో వారితో ఉండేది. ఫోర్స్ మోటార్స్  కంపెనీ ఉత్పత్తులలో   టెంపో, మెటడార్ , మినిడోర్, ట్రావెలర్   పేరుగాంచిన బ్రాండ్స్ గా ఉన్నాయి. గత 50 సంవత్సరాలుగా  కంపెనీ పేరు  గాంచిన  డైమ్లర్, జడ్ఎఫ్, బాష్, విడబ్ల్యు, ట్రాటన్, మ్యాన్ వంటి కంపెనీ లతో భాగస్వామిగా ఉన్నది.\nఫోర్స్ మోటార్స్ భారతదేశం లో వ్యాన్ల తయారీలో అగ్రగామిగా ఉండి , 2016 సంవత్సరంలో 327 స్థానములో , ఫార్చ్యూన్ ఇండియా కంపెనీ జాబితాలో 500 స్థానములో ఉన్నది.",
FORD,"ఫోర్డ్ మోటార్ కంపెనీ  ( ఫోర్డ్)  ఒక అమెరికన్ బహుళ జాతియ  కంపెనీ. కంపెనీ ప్రధాన కార్యాలయం  డెట్రాయిట్ లో కలదు . ఫోర్డ్ మోటార్ కంపెనీ వ్యవస్థాపకుడు హెన్రీ ఫోర్డ్ చే  1903   సంవత్సరంలో జూన్ 16 వ తేదీన స్థాపించబడినది . కంపెనీ అమ్మకాలలో ఆటోమొబైల్స్, వాణిజ్య పర సంబంధమైన వాహనములను ఫోర్డ్ బ్రాండ్ పేరుతొ , విలాస వంతమైన కార్లలలో  లింకన్ బ్రాండ్ పేరుతొ ఉంది.\nఫోర్డ్ వాహనములు జనరల్ మోటార్స్ తర్వాత   అమెరికా దేశం లో రెండవ స్థానము లో ఉండి , ప్రపంచ దేశాల 2015 సంవత్సర  ఆటోమొబైల్స్ ఉత్పత్తులలో   టొయోట ,  వోల్క్స్ వాగెన్ , హ్యుండై -కియా  తర్వాత  5 వ స్థానం లో  ఉన్నది.",
GENESIS,"జెనెసిసి మోటార్ ఎల్ ఎల్ సి జెనిసిస్ గా పిలువ బడే విలాస వంతమైన కార్ల ఉత్పత్తులలో దక్షిణ కొరియా  హ్యుండాయ్   మోటార్ గ్రూప్  కు చెందినది.\n2004వ  సంవత్సరంలో హ్యుండాయ్ నూతన  లగ్జరీ జెనెసిస్ సెడాన్  ప్రణాళికను వేసుకొని,  జెనెసిస్ బ్రాండ్ గా 4 నవంబర్ 2015 న అధికారంగా తమ ఉత్పత్తిని ప్రకటించి,   మొట్ట మొదటి జెనెసిస్ స్వతంత్ర మోడల్ జెనెసిస్ జి 90 ని 2017 సంవత్సరం లో ప్రవేశ పెట్టినారు.  జెనెసిస్ బ్రాండ్ మోడల్స్ ను  జెనెసిస్ నమూనాలు  రస్సెల్షీమ్‌ ( జర్మనీ)  లో రూపొందించి,  నామ్యాంగ్ (దక్షిణ కొరియా), ఇర్విన్ (యునైటెడ్ స్టేట్స్), ఉల్సాన్ (దక్షిణ కొరియా) లో తయారు  చేయబడుతున్నాయి. 2020 సంవత్సరంలో, జె.డి.పవర్ జెనెసిస్‌ను ఉత్తర అమెరికాలో అత్యంత నమ్మదగిన ఆటోమోటివ్ బ్రాండ్‌గా పేర్కొన్నారు.",
GMC,"జి ఎమ్ సి ( జర్నల్ మోటార్స్ ట్రక్ కంపెనీ లేక జి ఎమ్ సి  ట్రక్ & కోచ్ భాగములలో , జనరల్ మోటార్స్ కార్పొరేషన్    అమెరికన్ ఆటోమొబైల్ తయారీ జనరల్ మోటార్స్  కు  ( జి. ఎమ్ ) అనుబంద సంస్థ . ఈ కంపెనీ   ప్రధాన లక్ష్యం  , ట్రక్కులు ,  అందరికి ఉపయోగపడే  వాహనాల తయారి పై  కేంద్రీకరించినది . జి ఎమ్ సి తమ ఉత్పత్తులలో   ఎస్ యువి, పికప్ ట్రక్కులు, వ్యాన్ లు,  లైట్ డ్యూటీ ట్రక్కులను ప్రీమియం ఆధారితతో  మార్కెట్   లో ప్రవేశ  పెట్టింది . జి ఎమ్ సి  కంపెనీ గతంలో, జిఎంసి ఫైర్ ట్రక్కులు, అంబులెన్స్ లను ,  హెవీ డ్యూటీ ట్రక్కులను , మిలటరీ కి సంభందించిన  వాహనాలను , మోటార్ హోమ్ లు,  ప్రజలు ప్రయాణం చేసే బస్సులను( ట్రాన్సిట్ బస్సులను)  , మీడియం డ్యూటీ ట్రక్కుల వంటి వాటిని  ఉత్పత్తి చేసింది.",
HONDA,"ది హోండా మోటార్ కంపెనీ ఆటోమొబైల్స్, మోటార్ సైకిళ్లు, పవర్ ఎక్విప్మెంట్ జపాన్ దేశ బహుళ జాతి కంపెనీ.   కంపెనీ   ప్రధాన కార్యాలయం టోక్యోలోని మినాటో లో ఉన్నది . హోండా కంపెనీ సిద్ధాంతాలను , ఆశయాలను  ఆటోమొబైల్స్ తయారీ లో 1963 సంవత్సరం  నుంచి గమనించ వచ్చును. హోండా టి360 ( కీ కార్ )  జపనీస్ మార్కెట్ కొరకు ప్రవేశ పెట్టబడి, ఆ తర్వాత  రెండు డోర్ల రోడ్ స్టర్, హోండా ఎస్500  1963 సంవత్సరం  మార్కెట్ లో ప్రవేశ పెట్టినారు.  కంపెనీ ప్రధాన  ఉత్పత్తులలో అకార్డ్, సివిక్ .  సివిక్ కార్లు కంపాక్ట్ కార్లు గా  ప్రవేశ పెట్టినారు . హోండా 1986  సంవత్సరం లో అకురా అనే   లగ్జరీ బ్రాండ్ ను  ప్రవేశ పెట్టిన  మొదటి జపనీస్ ఆటోమొబైల్.  2001 సంవత్సరం లో జపాన్ లో ఆటోమొబైల్స్  ఉత్పత్తులలో   రెండవ స్థానం గా ,  2015 సంవత్సరం లో ప్రపంచ  ఆటోమొబైల్స్ రంగములో ఎనిమిదవ స్థానం లో ఉండి , 2018 సంవత్సరం వరకు 400 మిలియన్ల ఉత్పత్తికి చేరుకున్నది.",
HYUNDAI,"ది హ్యుండాయ్ మోటార్ కంపెనీ ,  హ్యుండాయ్  దక్షిణ కొరియన్ బహుళజాతి ఆటోమాటివ్ తయారీ చేసే సంస్థ . కంపెనిని 1967 సంవత్సరం లో స్థాపించారు .  ప్రధాన కార్యాలయం సియోల్ నగరం లో ఉన్నది .  కియా కార్పొరేషన్ లో  33.88 శాతం వాటా దారుగా  ఉన్నది.  లగ్జరీ కార్ల అనుబంధ సంస్థ అయిన  జెనిసిస్ మోటార్, ఎలక్ట్రిక్ వేహికల్ సబ్ బ్రాండ్ అయోనిక్  రెండు మార్క్ లను కూడా పూర్తిగా కలిగి ఉండి,  ఆ  బ్రాండ్లు పూర్తిగా హ్యుండాయ్  తో ఉన్నాయి.\nహ్యుండాయ్  ప్రపంచం లో అత్యాధునిక ఆటోమొబైల్ తయారు చేసే దానిగా  దక్షిణ కొరియా లోని అల్సన్ పట్టణం లో ఉంది .   కంపెనీ  సంవత్సరమునకు 1.6  మిలియన్ ఉత్పత్తితో ఉంది.  హ్యుండాయ్ సంస్థలో ప్రపంచ వ్యాప్తంగా  75,000 మంది ఉద్యోగులతో ,193 దేశాలలో అమ్మకాలు కొనసాగిస్తూ  ఉన్న కంపెనీ.",
ICML,"ఇంటర్నేషనల్ కార్స్ అండ్ మోటార్స్ లిమిటెడ్ ( ఐ సి ఎమ్ ఎల్ ) సొనాలిక గ్రూప్ అనుబంధ సంస్థ . భారతదేశం లో కంపెనీ ట్రాక్టర్ ఉత్పత్తిలో 2012 సంవత్సరంలో నాలుగవ స్థానం లో   ఉన్నది. కంపెనీ అమ్మకాల్లో ఇసిఎమ్ఎల్ రైనో , ఇసిఎమ్ఎల్ వంటివి ఉన్నాయి.",
INFINITI,"ఇన్ఫినిటీ విలాసవంతమైన  ఆటోమేకర్  కారు జపాన్ నిస్సాన్ కంపెనీ వారిది. పశ్చిమ అమెరికా లో నవంబర్ 8, 2019 సంవత్సరంలో ఇన్ఫినిటీ కార్ల అమ్మకాలు ప్రారంభం అయినవి. 2020 సంవత్సరం ప్రకారం అమెరికా, చైనా దేశాల   మార్కెట్లో  ప్రధాన మార్కెట్ తో ఉంది.\nఇన్ఫినిటీ సంస్థ ముఖ్య నిర్వాకుడైన  హిరొటో సైకవ   జనవరి 2018 సంవత్సరం లో ఇన్ఫినిటీ బ్రాండ్ కార్ ఎలెక్ట్రిక్ట్ బ్రాండ్ తో,  కంపెనీ నుంచి వచ్చే ఉత్పత్తులలో కొత్త వాహనాలు 2021  సంవత్సరానికి  హైబ్రిడ్ లేదా, ఎలక్ట్రిక్ గా ఉంటాయిని  ప్రకటించాడు.",
ISUZU,"ఇసుజు మోటార్స్ లిమిటెడ్(ఇసుజు) జపాన్ దేశ డీజిల్ వాహనాల తయారీ సంస్థ. కంపెనీ ప్రధాన కార్యాలయం టోక్యో నగరం లో ఉన్నది. కంపెనీ తన అమ్మకాలలో ఇసుజు కంపెనీ వాణిజ్య వాహనములు , డిజిల్ ఇంజిన్స్ ఉత్పత్తి చేయడం ,  మార్కెటింగ్ చేసుకోవడంను   ప్రధాన లక్ష్యం గా పెట్టుకున్నది.\nకంపెనీ అనుబంధ సంస్థలుగా యుడి ట్రక్స్ ,అనడోలు  ఇసుజు ( టర్కిష్ దేశ అందోలు గ్రూప్ ) , సోల్లర్స్- ఇసుజు ( రష్యన్ దేశ  సోల్లెర్స్- జెఎస్ సి ) ఎస్ ఎమ్ ఎల్ ఇసుజు ( స్వరాజ్ మజ్డా   గా భారత దేశం లో పూర్వం ఉన్న కంపెనీ ) , జియాంగ్జి  ఇసుజు మోటార్స్ ( చైనా దేశం లో జియాంగ్లింగ్ మోటార్స్ కంపెనీ ) , ఇసుజు ఆస్ట్రా మోటార్స్ ఇండోనేషియా , ఇసుజు మలేసియా ( ఇసుజు హైకామ్) , ఇసుజు యు.కె , ఇసుజు సౌత్ ఆఫ్రికా , ఇసుజు ఫిలిప్పీన్స్ , తైవాన్ ఇసుజు మోటర్స్, ఇసుజు వియత్నాం , ఇసుజు మోటార్స్ ఇండియా , బివైడి ఇసుజు గా ప్రపంచ దేశాలలో ఉన్నాయి.",
JAGUAR,"జాగ్వర్ విలాసవంతమైన  కారు  జాగ్వర్ ల్యాండ్ రోవర్ తో ఉన్న బ్రిటిష్ దేశ బహుళ జాతి కార్ల తయారీ సంస్థ  వారిది .  సంస్థ ప్రధాన కార్యాలయం ఇంగ్లాండ్ దేశం లో కోవెంట్రీలోని విట్లీలోఉన్నది .  కంపెనీ విలీనం  ల్యాండ్ రోవర్ తో 1 జనవరి 2013 అయ్యేవరకు  జాగ్వర్ కార్ల పేర్ల ఉత్పత్తితో ఉన్న కంపెనీ, విలీనం తర్వాత జాగ్వర్ ల్యాండ్ రోవర్ గా మారింది.\nజాగ్వర్  తన  వ్యాపారం  స్వాలో సైడ్ కార్ కంపెనీ 1922 సంవత్సరంలో ప్రారంభం అయినది. కంపెనీ పేరు ఎస్. ఎస్. కార్స్ నుంచి జాగ్వర్ కార్ గా  1945 సంవత్సరం లో మారింది. కంపెనీ విలీనం  బ్రిటిష్ మోటార్ కార్పొరేషన్  తో   1966 సంవత్సరంలో జరిగి, ఆ తర్వాత బ్రిటిష్ మోటార్ హోల్డింగ్స్ ( బి ఎమ్ ఎచ్ ) గా మారి , ఆ తర్వాత 1968 సంవత్సరంలో లేల్యాండ్  మోటార్ కార్పొరేషన్ తో జరిగి బ్రిటిష్ లేల్యాండ్ గా మారి,1975 జాతీయం చేయబడినది.",
JEEP,"జీప్ అమెరికన్ ఆటోమొబైల్  స్టెల్లాంటిస్ లోని విభాగం .1987 సంవత్సరం నుంచి   జీప్ క్రిస్లర్  లో భాగంగా  ఉన్నది .  క్లిస్లర్  జీప్ బ్రాండ్ తీసుకునే ముందు , జీప్ బ్రాండ్ తో పాటు,  అమెరికన్ మోటార్స్ కార్పొరేషన్ (ఎఎంసి) ఆస్తులను  కూడా  తీసుకున్నది . ప్రస్తుత జీప్ తన ఉత్పాదనలో  స్పోర్ట్ యుటిలిటీ వేహికల్స్ , క్రాస్ ఓవర్ లు, పూర్తిగా ఆఫ్-రోడ్ యోగ్యమైన ఎస్ యువిలు , పికప్ ట్రక్కుల  మోడల్స్ ఉన్నాయి.",
KIA,"కియా కార్పొరేషన్ ని కియా(క్యుంగ్‌సంగ్ ప్రెసిషన్ ఇండస్ట్రీ,కియా మోటార్స్ కార్పొరేషన్)అని పిలుస్తారు. ఇది దక్షిణ కొరియా బహుళజాతి ఆటోమొబైల్ తయారీ సంస్థ . కియా  ప్రధాన కార్యాలయం సియోల్‌లో ఉంది . కియా మాతృ సంస్థ హ్యుండాయ్ మోటార్ కంపెనీ తర్వాత ఇది దక్షిణ కొరియాలో రెండవ అతిపెద్ద ఆటోమొబైల్ తయారీ సంస్థ. 2019 సంవత్సరంలో 2.8 మిలియన్ వాహనాల అమ్మకాలు జరిగాయి.",
LAMBORGHINI,"ఆటోమొబిలి లంబోర్ఘిని ఎస్.పి.ఎ. అనేది  ఒక ఇటాలియన్ బ్రాండ్ . ఇది  లగ్జరీ స్పోర్ట్స్ కార్లు, ఎస్.యు.వి కార్లను  సాంట్'అగాటా బోలోగ్నీస్ కేంద్రంగా  తయారుచేస్తుంది. ఈ కంపెని  తన అనుబంధ సంస్థ ఆడి ద్వారా వోక్స్ వ్యాగన్ గ్రూప్ యాజమాన్యంలో ఉంది.ఫెరారీతో సహా స్థాపించబడిన మార్క్వెస్ తో పోటీపడటానికి ఫెరుచియో లంబోర్ఘిని అనే ఇటాలియన్ తయారీ దిగ్గజం 1963 సంవత్సరంలో ఆటోమొబిలి ఫెర్రుచియో లంబోర్ఘిని ఎస్.పి.ఎ.ను స్థాపించింది . రియర్(వెనుక) మిడ్-ఇంజన్, రియర్-వీల్ డ్రైవ్ లేఅవుట్‌ను ఉపయోగిస్తున్నందుకు ఈ  కంపెనీ ప్రసిద్ధి చెందింది .లంబోర్ఘిని ప్రస్తుతం v12-పవర్డ్ అవెంటడార్, v10-పవర్డ్ హురాకాన్‌ ను ఉత్పత్తి చేస్తుంది, ట్విన్-టర్బో v8 ఇంజిన్ తో నడిచే ఉరుస్ ఎస్.యు. వి కూడా ఉంది. అదనంగా, కంపెనీ ఆఫ్ షోర్ పవర్ బోట్ రేసింగ్ కోసం v12 ఇంజిన్లను ఉత్పత్తి చేస్తుంది. 1948 సంవత్సరంలో ఫెర్రుచియో లంబోర్ఘిని చే  స్థాపించబడిన లంబోర్ఘిని ట్రాటోరికి ఇటలీలోని పైవ్ డి సెంటోలో ప్రధాన కార్యాలయం  కలిగి ఉంది . ఇది  ట్రాక్టర్లను ఉత్పత్తి చేస్తూనే ఉంది.",
LAND ROVER,"ల్యాండ్ రోవర్ ఇది ఒక  బ్రిటిష్ బ్రాండ్ . ఇవి  ప్రధానంగా ఫోర్ వీల్ డ్రైవ్, ఆఫ్-రోడ్ సామర్థ్యం కలిగిన వాహనాలు. ఇది బహుళజాతి కార్ల తయారీ సంస్థ  జాగ్వార్ ల్యాండ్ రోవర్ (జెఎల్ఆర్) యాజమాన్యంలో ఉంది. ఇది 2008 సంవత్సరం నుండి భారతదేశంలోని  టాటా మోటార్స్ కి   అనుబంధ సంస్థ. జెఎల్ఆర్ ప్రస్తుతం బ్రెజిల్, చైనా, భారతదేశం, స్లోవేకియా, యునైటెడ్ కింగ్డమ్ లలో ల్యాండ్ రోవర్లను నిర్మిస్తుంది. 1948 సంవత్సరంలో రోవర్ కంపెనీ ల్యాండ్ రోవర్ పేరును ఒక యుటిలిటేరియన్ 4డబ్ల్యుడి ఆఫ్-రోడర్ కొరకు రూపొందించింది.ఇప్పటికి ల్యాండ్ రోవర్ వాహనాలు ఖరీదైన, లగ్జరీ స్పోర్ట్ యుటిలిటీ కార్లను కలిగి ఉన్నాయి.1951 సంవత్సరంలో కింగ్ జార్జ్  VI ల్యాండ్ రోవర్ కు  రాయల్ వారెంట్ మంజూరు చేసింది. 50 సంవత్సరాల తరువాత, 2001 సంవత్సరంలో, అంతర్జాతీయ వాణిజ్యానికి అద్భుతమైన సహకారం అందించినందుకు క్వీన్స్ అవార్డును అందుకుంది. కాలక్రమేణా, ల్యాండ్ రోవర్ ఫోర్ వీల్ డ్రైవ్, ఆఫ్-రోడ్ సామర్థ్యం కలిగిన మోడల్స్ని పెంచుతూ   దాని స్వంత బ్రాండ్ గా ఎదిగింది . 1970 సంవత్సరంలో రేంజ్ రోవర్,  మిడ్ -రేంజ్  డిస్కవరీ,ఎంట్రీ -లెవెల్  ఫ్రీలాండర్ లైన్ (1989, 1997 సంవత్సరంలో) ప్రారంభించింది. 1990 సంవత్సరంలో ల్యాండ్ రోవర్ డిఫెండర్ రిఫ్రెష్ తో ప్రారంభించి,  డిస్కవరీ రెండు నమూనాలు, రేంజ్ రోవర్ నాలుగు విభిన్న నమూనాలు,  రెండవ తరం డిఫెండర్లు 2020 మోడల్ సంవత్సరానికి ఉత్పత్తిలోకి వెళ్ళాయి.",
LEXUS,"లెక్సస్ అనేది జపనీస్ ఆటోమేకర్ టయోటా  లగ్జరీ వాహన విభాగం . లెక్సస్ బ్రాండ్ ప్రపంచవ్యాప్తంగా 70 కి పైగా దేశాలు, భూభాగాలలో మార్కెట్ చేయబడింది . జపాన్లో  అత్యధికంగా అమ్ముడయ్యేవి ప్రీమియం కార్లు  . ఇది మార్కెట్ విలువలో 10 అతిపెద్ద జపనీస్ గ్లోబల్ బ్రాండ్లలో ఒకటిగా నిలిచింది. లెక్సస్ ప్రధాన కార్యాలయం జపాన్ లోని నాగోయాలో ఉంది. దీని కార్యాచరణ కేంద్రాలు బ్రస్సెల్స్, బెల్జియం,  ప్లానో, టెక్సాస్, యునైటెడ్ స్టేట్స్ లో ఉన్నాయి. జపనీస్ ప్రత్యర్థులు హోండా , నిస్సాన్ వరుసగా వారి అకురా , ఇన్ఫినిటీ లగ్జరీ విభాగాలను సృష్టించిన సమయంలోనే, లెక్సస్ 1989 సంవత్సరంలో లెక్సస్ ఎల్ఎస్ ప్రారంభించిన తరువాత సెడాన్, కూపే, కన్వర్టిబుల్, ఎస్‌యువి మోడళ్లను తయారుచేసింది . 2001 సంవత్సరం నుండి  2005 సంవత్సరం వరకు  కార్పొరేట్ పునర్వ్యవస్థీకరణ తరువాత, లెక్సస్ దాని స్వంత డిజైన్, ఇంజనీరింగ్ , తయారీ కేంద్రాలను నిర్వహించడం ప్రారంభించింది. లెక్సస్ తన సొంత ఎఫ్ మార్క్ పెర్ఫార్మెన్స్ విభాగాన్ని 2007 సంవత్సరంలో IS F స్పోర్ట్ సెడాన్ తో ప్రారంభించింది, తరువాత 2009 లో ఎల్ఎఫ్ఎ  సూపర్ కారుని తయారుచేసింది.",
LINCOLN,"లింకన్ ( లింకన్ మోటార్ కంపెనీ) ఇది  అమెరికన్ ఆటోమొబైల్ తయారీ సంస్థ  ఫోర్డ్  లగ్జరీ వాహన విభాగం. యునైటెడ్ స్టేట్స్లో దాని ఉనికి కోసం అగ్రశ్రేణి లగ్జరీ వెహికల్ బ్రాండ్లలో అమ్మబడింది , లింకన్ దాని  జనరల్ మోటార్స్ సహచరుడు కాడిలాక్ తో సన్నిహితంగా పోటీ పడింది. 1940 సంవత్సరం లింకన్ కాంటినెంటల్‌తో వ్యక్తిగత లగ్జరీ కార్ల విభాగాన్ని స్థాపించడంలో ఈ విభాగానికి ప్రత్యేకత ఉంది. ఇటీవల, 1998 సంవత్సరం లింకన్ నావిగేటర్ మొదటి పూర్తి-స్థాయి లగ్జరీ ఎస్‌యువి . 1917 సంవత్సరంలో లింకన్ మోటార్ కంపెనీని హెన్రీ ఎం. లేలాండ్ స్థాపించారు, దీనికి అబ్రహం లింకన్ పేరు పెట్టారు. ఫిబ్రవరి 1922 సంవత్సరంలో, ఈ సంస్థను దాని మాతృ సంస్థ ఫోర్డ్ ఈ రోజు వరకు సొంతం చేసుకుంది. రెండవ ప్రపంచ యుద్ధం తరువాత, ఫోర్డ్ లింకన్-మెర్క్యురీ విభాగాన్ని ఏర్పాటు చేసింది, లింకన్‌ను దాని మిడ్-రేంజ్  మెర్క్యురీ బ్రాండ్‌తో జత చేసింది. ప్రీమియర్ ఆటోమోటివ్ గ్రూప్ (జాగ్వార్, ల్యాండ్ రోవర్, ఆస్టన్ మార్టిన్, మరియు వోల్వో)తొలగింపు ,మెర్క్యురీని మూసివేయడంతో,  ఫోర్డ్ మోటార్ కంపెనీకి లింకన్ ఏకైక లగ్జరీ నేమ్‌ప్లేట్‌గా మిగిలిపోయింది.",
LOTUS,"లోటస్ కార్స్ లిమిటెడ్ ఇది ఒక బ్రిటిష్ ఆటోమోటివ్ కంపెనీ . దీని ప్రధాన కార్యాలయం ఇంగ్లాండ్‌లోని నార్ఫోక్‌లో ఉంది. ఇది తక్కువ బరువు, నిర్వహణకు ప్రసిద్ది చెందిన స్పోర్ట్స్ కార్లు,రేసింగ్ కార్లను తయారు చేస్తుంది. గతంలో లోటస్ ఫార్ములా వన్ రేసింగ్‌లో పాల్గొంది . టీమ్ లోటస్ ద్వారా, ఫార్ములా వన్ వరల్డ్ ఛాంపియన్‌షిప్‌ను ఏడుసార్లు గెలుచుకుంద.\nకోలిన్ చాప్మన్ లోటస్ కార్స్ ను  స్థాపించి చాలా సంవత్సరాలు  యజమానిగా ఉన్నాడు.  అతని మరణం, ఆర్థిక అస్థిరత తరువాత దీనిని జనరల్ మోటార్స్, తరువాత రొమానో ఆర్టియోలి , డిఆర్ బి-హైకామ్ కొన్నారు . ఇది ప్రస్తుతం చైనా బహుళజాతి  కంపెనీ గీలీ యాజమాన్యంలో ఉంది, దీనికి ఎటికా ఆటోమోటివ్ ఈక్విటీ భాగస్వామిగా ఉంది.లోటస్ కార్ల శాఖ అయిన ఇంజనీరింగ్ కన్సల్టెన్సీ సంస్థ లోటస్ ఇంజనీరింగ్ యునైటెడ్ కింగ్‌డమ్, యునైటెడ్ స్టేట్స్, చైనా , మలేషియాలో సౌకర్యాలను కలిగి ఉంది.",
MAHINDRA,"మహీంద్రా & మహీంద్రా లిమిటెడ్ ఒక భారతీయ బహుళజాతి ఆటోమోటివ్ తయారీ సంస్థ. దీని  ప్రధాన కార్యాలయం భారతదేశంలోని మహారాష్ట్రలోని ముంబైలో ఉంది . ఇది 1945 సంవత్సరంలో ముహమ్మద్ & మహీంద్రాగా స్థాపించబడింది.  తరువాత మహీంద్రా& మహీంద్రాగా పేరు మార్చబడింది. ఇది భారతదేశంలో అతిపెద్ద వాహన తయారీదారులలో,ఉత్పత్తి లో ఒకటి.  ప్రపంచంలో ఎక్కువగా  ట్రాక్టర్లను  తయారు  చేసే సంస్థ.\nఇది మహీంద్రా గ్రూప్ లో ఒక భాగం, ఇది భారతీయ సమ్మేళనం. 2018 సంవత్సరంలో ఫార్చ్యూన్ ఇండియా భారతదేశంలోని   500 అగ్రశ్రేణి కంపెనీల జాబితాలో ఇది 17 వ స్థానంలో ఉంది. భారతీయ మార్కెట్లో దీని ప్రధాన పోటీదారులలో మారుతి సుజుకి ,టాటా మోటార్స్ ఉన్నాయి. మహీంద్రా ఎంఎంఎ లు, ఎల్ సివిలు ,త్రిచక్ర వాహనాలతో సహా పెద్ద వాహనాలను ఉత్పత్తి చేస్తుంది. ఇది స్కార్పియో, బొలెరో, బహుళ-వినియోగ వాహనాలతో సహా 20 కి పైగా కార్ల నమూనాలను తయారు చేస్తుంది. ఇది గతంలో ఫోర్డ్ (ఫోర్డ్ ఇండియా ప్రైవేట్ లిమిటెడ్) తో ప్యాసింజర్ కార్లను నిర్మించడానికి జాయింట్ వెంచర్ ను కలిగి ఉంది. 3 సెప్టెంబర్ 2018 సంవత్సరంలో, మహీంద్రా మరాజో (షార్క్ ప్రేరేపిత వాహనం) మహీంద్రా రీసెర్చ్ వ్యాలీ (ఎమ్.ఆర్.వి), మ్యానా, పినిన్ ఫరీనా సహకారంతో నాలుగు వేరియెంట్లలో లాంఛ్ చేశారు. అక్టోబర్ 2020సంవత్సరంలో, మహీంద్రా రెండో తరం థార్ 2020 - ఆల్-న్యూ థార్ ను ప్రారంభించింది.",
MARUTI SUZUKI,"మారుతి సుజుకి ఇండియా లిమిటెడ్ (మారుతి ఉద్యోగ్ లిమిటెడ్ ) భారతీయ ఆటోమోటివ్ తయారీ సంస్థ.  ఇది భారతదేశంలోని న్యూ ఢిల్లీలో ఉంది . భారత ప్రభుత్వం దీన్ని  స్థాపించి 1981 సంవత్సరం మధ్య 2003 సంవత్సరం వరకు యాజమాని గా  ఉంది. దీనిని 2003 సంవత్సరంలో భారత ప్రభుత్వం సుజుకి మోటార్ కార్పొరేషన్‌కు విక్రయించింది. జూలై 2018 సంవత్సరం నాటికి, ఇది భారత ప్రయాణీకుల కార్ల మార్కెట్లో 53 శాతం మార్కెట్ వాటాను కలిగి ఉంది. ",
MASERATI,"మసెరటి ఎస్.పి.ఎ. ఒక ఇటాలియన్ లగ్జరీ వాహన తయారీ సంస్థ  .ఇది 1 డిసెంబర్ 1914 సంవత్సరంలో ఇటలీలోని బోలోగ్నాలో స్థాపించబడింది.  ఈ సంస్థ  ప్రధాన కార్యాలయం ఇప్పుడు మోడెనాలో ఉంది.  దీని చిహ్నం త్రిశూలం. ఈ సంస్థ 2021 సంవత్సరం నుండి స్టెలాంటిస్ యాజమాన్యంలో ఉంది. మసెరటి మొదట్లో ఫెరారీతో సంబంధం కలిగి ఉంది. మే 2014 సంవత్సరంలో, ప్రతిష్టాత్మక ప్రణాళికలు ,ప్రొడక్ట్ లాంఛ్ల కారణంగా, మసెరటి ఒక నెలలో 3 వేలకు పైగా కార్లను  విక్రయించి రికార్డ్  సృష్టించింది .ఈ కారణంగా  వారు క్వాట్రోపోర్ట్, ఘిబ్లి మోడళ్ల ఉత్పత్తిని పెంచారు. గిబ్లి , క్వాట్రోపోర్ట్‌తో పాటు, మసెరటి గ్రాన్‌టూరిస్మో, మసెరటి లెవాంటే (మొట్టమొదటి మసెరటి ఎస్‌యువీ) ను అందిస్తుంది. మసెరటి ప్రపంచవ్యాప్తంగా 75,000 వాహనాల వద్ద ప్రొడక్షన్ అవుట్పుట్ క్యాప్ ను ఉంచింది.",
MAZDA,"మాజ్డా మోటార్ కార్పొరేషన్ (మాజ్డా) జపనీస్ బహుళజాతి వాహన తయారీ సంస్థ. ఇది జపాన్లోని హిరోషిమా ప్రిఫెక్చర్,అకి డిస్ట్రిక్ట్, ఫుచీలో ఉంది . 2015 లో, మాజ్డా గ్లోబల్ అమ్మకాల కోసం 1.5 మిలియన్ వాహనాలను ఉత్పత్తి చేసింది, వీటిలో ఎక్కువ భాగం (దాదాపు 1 మిలియన్లు) కంపెనీ జపనీస్ ప్లాంట్లలో ఉత్పత్తి చేయబడ్డాయి, మిగిలినవి ప్రపంచవ్యాప్తంగా వివిధ ప్రాంతాల  ప్లాంట్ల నుండి వచ్చాయి. 2015 సంవత్సరంలో, మాజ్డా ప్రపంచవ్యాప్తంగా ఉత్పత్తిలో పదిహేనవ స్థానంలో ఉంది.",
MCLAREN,"మెక్లారెన్ రేసింగ్ లిమిటెడ్ అనేది బ్రిటిష్ మోటారు రేసింగ్ బృందం, ఇది ఇంగ్లాండ్‌లోని సర్రేలోని వోకింగ్‌లోని మెక్‌లారెన్ టెక్నాలజీ సెంటర్‌లో ఉంది. ఈ  సంస్థ  ప్రధాన ఉత్పత్తులు స్పోర్ట్స్ కార్లు, ఇవి నిర్ధారిత ఉత్పత్తి సౌకర్యాలతో  ఇంట్లో ఉత్పత్తి చేయబడతాయి. జూలై 2017 సంవత్సరంలో,  మెక్లారెన్ ఆటోమోటివ్ విస్తృత మెక్లారెన్ గ్రూప్  100% యాజమాన్యంలోని అనుబంధ సంస్థగా మారింది.",
MERCEDES-BENZ,"మెర్సిడెస్ బెంజ్ (మెర్సిడెస్) ఇది జర్మన్ ఆటోమోటివ్ బ్రాండ్ . 2019 సంవత్సరం చివరి నుండి, డైమ్లెర్ ఎజి కి  అనుబంధ సంస్థ మెర్సిడెస్ బెంజ్ ఎజి. మెర్సిడెస్ బెంజ్ లగ్జరీ వాహనాలు, వాణిజ్య వాహనాలను ఉత్పత్తి చేయడంలో  ప్రసిద్ది చెందింది. ప్రధాన కార్యాలయం బాడెన్-వుర్టంబెర్గ్‌లోని స్టుట్‌గార్ట్‌లో ఉంది. మొట్టమొదటి మెర్సిడెస్ బెంజ్ బ్రాండ్ నేమ్ వాహనాలు 1926 సంవత్సరంలో ఉత్పత్తి చేయబడ్డాయి. 2018 సంవత్సరంలో, మెర్సిడెస్ బెంజ్ ప్రపంచంలో అత్యధికంగా ప్రీమియం వాహనాలను విక్రయించింది, 2.31 మిలియన్ ప్యాసింజర్ కార్లను అమ్మింది . బ్రాండ్ కోసం నినాదం 'ఉత్తమమైనది లేదా ఏమీ లేదు'.",
MG,"ఎంజి  ఇది ఒక బ్రిటిష్ ఆటోమోటివ్ మార్క్,  దీనిని  1920 సంవత్సరంలో సెసిల్ కింబర్ స్థాపించారు. ఎమ్.జి. కార్ కంపెనీ లిమిటెడ్ బ్రిటిష్ స్పోర్ట్స్ కార్ల తయారీ సంస్థ మార్క్ ను ప్రసిద్ధి చెసింది . ఓపెన్ టూ సీటర్ స్పోర్ట్స్ కార్లకు ప్రసిద్ధి చెందిన ఎంజి సెలూన్లు ,కూప్ లను కూడా ఉత్పత్తి చేసింది, మూడు లీటర్ల సైజు వరకు ఇంజిన్లు ఉన్నాయి. ఈ మార్క్ ఇప్పుడు ప్రభుత్వ యాజమాన్యంలోని చైనా కంపెనీ ఎస్ఎఐసి మోటార్ కార్పొరేషన్ లిమిటెడ్ యాజమాన్యంలో ఉంది.1920 సంవత్సరంలో విలియం మోరిస్‌కు చెందిన ఆక్స్‌ఫర్డ్‌లోని రిటైల్ అమ్మకాలు , సేవా కేంద్రమైన మోరిస్ గ్యారేజీల అమ్మకాల ప్రమోషన్ సైడ్‌లైన్‌లో ఎంజి  కార్లు మూలాలు కలిగి ఉన్నాయి. ప్రత్యేక ఎంజి. కార్ కంపెనీ లిమిటెడ్ జూలై 1930 సంవత్సరంలో విలీనం చేయబడింది. 1935 సంవత్సరం వరకు మోరిస్ వ్యక్తిగత ఆస్తిగా మిగిలిపోయింది, అతను దానిని తన హో ల్డింగ్ కంపెనీ మోరిస్ మోటార్స్ లిమిటెడ్ కు అమ్మాడు.",
MINI,"మినీ అనేది రెండు-డోర్ల కాంపాక్ట్ సిటీ కారు, దీనిని బ్రిటిష్ మోటార్ కార్పొరేషన్ (బిఎంసి)  దాని వారసులు 1959 నుండి 2000 సంవత్సరం వరకు నిర్మించారు.  మినీని 1960 సంవత్సరంలో బ్రిటిష్ జనాదరణ పొందింది,  దీనిని సంస్కృతికి చిహ్నంగా భావిస్తారు. ఇది స్థలాన్ని ఆదా చేసే విలోమ ఇంజిన్ , ఫ్రన్ట్   -వీల్ డ్రైవ్ లేఅవుట్ - కారు ఫ్లోర్‌పాన్ 80% విస్తీర్ణాన్ని ప్రయాణీకులకు ,సామానులకు ఉపయోగించడానికి వీలుఉంటుంది  - ఇది ఒక తరం కార్ల తయారీదారులను ప్రభావితం చేసింది. 1999 సంవత్సరంలో, మినీ 20 వ శతాబ్దంలో ఫోర్డ్ మోడల్ టి,  సిట్రోయెన్ డిఎస్ ,వోక్స్వ్యాగన్ బీటిల్ కంటే ముందు రెండవ అత్యంత ప్రభావవంతమైన కారుగా ఎన్నుకోబడింది. మినీ ఫ్రంట్-వీల్-డ్రైవ్, ట్రాన్స్వర్స్-ఇంజిన్ లేఅవుట్ హోండా N360 (1967 సంవత్సరం), నిస్సాన్ చెర్రీ (1970 సంవత్సరం) ,ఫియట్ 127 (1971 సంవత్సరం) తో సహా ఇతర 'సూపర్మిని' డిజైన్ల కోసం కాపీ చేయబడింది. లేఅవుట్ పెద్ద సబ్ కాంపాక్ట్ డిజైన్లకు కూడా అనుగుణంగా ఉంటుంది. ఈ విలక్షణమైన రెండు డోర్ల కారును గ్రీక్ సర్ అలెక్ ఇస్సిగోనిస్ బిఎంసి కోసం రూపొందించారు.",
MITSUBISHI,"మిట్సుబిషి   గ్రూప్, వివిధ పరిశ్రమలలో స్వయంప్రతిపత్తి కలిగిన జపనీస్ బహుళజాతి కంపెనీల సమూహం.1870 సంవత్సరంలో ఇవాసాకి యాతారొ చేత  స్థాపించబడినది .  మిట్సుబిషి గ్రూప్ చారిత్రాత్మకంగా  మిట్సుబిషి జైబాట్సు నుండి వచ్చింది, ఇది 1870 సంవత్సరం నుండి 1946 సంవత్సరం వరకు ఉనికిలో ఉంది. రెండవ ప్రపంచ యుద్ధం తరువాత జపాన్ ఆక్రమణ సమయంలో ఈ సంస్థ రద్దు చేయబడింది. సంస్థ  పూర్వ  భాగాలు మిట్సుబిషి బ్రాండ్, ట్రేడ్‌మార్క్‌ను పంచుకుంటాయి. ఈ బృందంలోని నాలుగు ప్రధాన కంపెనీలు ఎం.యు.ఎఫ్.జి  బ్యాంక్ (జపాన్‌లో అతిపెద్ద బ్యాంక్), మిట్సుబిషి కార్పొరేషన్ (ఒక సాధారణ వాణిజ్య సంస్థ), మిట్సుబిషిఎలక్ట్రిక్, మిట్సుబిషి హెవీ ఇండస్ట్రీస్ (రెండు  వైవిధ్యభరితమైన తయారీ సంస్థలు).",
NISSAN,"నిస్సాన్ మోటార్ కంపెనీ, లిమిటెడ్ ఇది జపనీస్ బహుళజాతి ఆటోమొబైల్ తయారీ సంస్థ . దీని  ప్రధాన కార్యాలయం   జపాన్లోని యోకోహామాలోని నిషి-కు లో ఉంది.ఇది  వాహనాలను నిస్సాన్, ఇన్ఫినిటీ , డాట్సన్ బ్రాండ్ల క్రింద అమ్ముతుంది  (నిస్మో లేబుల్ చేయబడిన అంతర్గత పనితీరు ట్యూనింగ్ ఉత్పత్తులతో). ఈ సంస్థ దాని పేరును నిస్సాన్ జైబాట్సుగా గుర్తించింది, దీనిని ఇప్పుడు నిస్సాన్ గ్రూప్ అని పిలుస్తారు.\n1999 సంవత్సరం నుండి, నిస్సాన్ రెనాల్ట్-నిస్సాన్-మిట్సుబిషి కూటమి  (మిట్సుబిషి 2016 సంవత్సరంలో చేరడం) లో భాగంగా ఉంది. నిస్సాన్ , జపాన్ మిట్సుబిషి మోటార్స్ , ఫ్రాన్స్  రెనాల్ట్  మధ్య భాగస్వామ్యం ఉంది. టయోటా, జనరల్ మోటార్స్, వోక్స్వ్యాగన్ గ్రూప్, హ్యుందాయ్ మోటార్ గ్రూప్, ఫోర్డ్ తరువాత 2013 సంవత్సరంలో నిస్సాన్ ప్రపంచంలో ఆరవ అతిపెద్ద వాహన తయారీ సంస్థ. రెనాల్ట్-నిస్సాన్  కూటమి   కలిపి తీసుకుంటే  ఇది ప్రపంచంలో నాల్గవ అతిపెద్ద వాహన తయారీ సంస్థ . చైనా, రష్యా, మెక్సికోలలో నిస్సాన్ ప్రముఖ జపనీస్ బ్రాండ్. 2014 సంవత్సరంలో, నిస్సాన్ ఉత్తర అమెరికాలో అతిపెద్ద కార్ల తయారీ సంస్థ.",
PORSCHE,"పార్శ్  ఎజి ఒక  ఆటోమొబైల్ తయారీ సంస్థ. ఇది   అధిక పనితీరు,నైపుణ్యం కలిగిన  స్పోర్ట్స్ కార్లు, ఎస్.యు.వి , సెడాన్లను తయారు చేస్తుంది.  పార్శ్  ఎజి ప్రధాన కార్యాలయం స్టట్గార్ట్ లో ఉంది,ఈ సంస్థ వోక్స్ వ్యాగన్ ఎజి యాజమాన్యంలో ఉంది, దీని నియంత్రణ వాటా పార్శ్ ఆటోమొబిల్ హోల్డింగ్ ఎస్ఈ యాజమాన్యంలో ఉంది. పార్శ్  ప్రస్తుత వరుసలో 718 బాక్స్ స్టర్ర్/కేమన్, 911, పనామెరా, మాకన్, కాయెన్, టేకాన్లు ఉన్నాయి.",
PREMIER,"ప్రీమియర్ లిమిటెడ్ ( ది ప్రీమియర్ ఆటోమొబైల్స్ లిమిటెడ్) ఇది భారతదేశంలోని ముంబైలో ఉన్న వాహనాల తయారీ సంస్థ . ఈ సంస్థ వాల్‌చంద్ గ్రూప్ యాజమాన్యంలో ఉంది. వాల్‌చంద్ హిరాచంద్ 1944 సంవత్సరంలో సర్. ఎం. విశ్వేశ్వరయ్య ప్రోత్సాహం, మద్దతుతో ప్రీమియర్ ఆటోమొబైల్స్ లిమిటెడ్ (పిఎఎల్) ను స్థాపించారు.. అక్టోబర్ 1947 సంవత్సరంలో ప్రీమియర్ లిమిటెడ్ మొట్టమొదటి భారతీయులు తయారు చేసిన ట్రక్కులు ,కార్లు స్వేచ్ఛా భారత వీధుల్లోకి వచ్చాయి. ప్రీమియర్ భారతీయ కార్ల మార్కెట్ను  పాలించిన ప్రీమియర్ పద్మినికి ప్రసిద్ది చెందింది. దీనికి  ప్రజాదరణ 1970, 80 సంవత్సరంలలో గరిష్టస్థాయికి చేరుకుంది.",
RAM,"రామ్ ట్రక్స్ ని  ర్యామ్( రామ్ ట్రక్ డివిజన్ )అని పిలుస్తారు. ఇది లైట్ టు మిడ్-వెయిట్ కమర్షియల్ వెహికల్స్,స్టెలాంటిస్ ( ఫియట్ క్రిస్లర్ ఆటోమొబైల్స్) అమెరికన్ బ్రాండ్ విభాగం. ఇది 2010 సంవత్సరంలో డాడ్జ్ నుండి రామ్ పికప్ లైన్ ట్రక్కుల పేరును ఉపయోగించి స్థాపించబడింది. రామ్ ట్రక్స్ లోగోను మొదట డాడ్జ్ లోగోగా ఉపయోగించారు. రామ్ 'క్లాసిక్' ట్రక్కులను మిచిగాన్లోని వారెన్లోని వారెన్ ట్రక్ ప్లాంట్ వద్ద ,మెక్సికోలోని సాల్టిల్లోని సాల్టిల్లో ప్లాంట్ వద్ద తయారు చేస్తారు. మిచిగాన్‌లోని స్టెర్లింగ్ హైట్స్‌లోని స్టెర్లింగ్ హైట్స్ అసెంబ్లీలో కొత్త సిరీస్ రామ్ పికప్‌లు తయారు చేయబడ్డాయి. ఈ బ్రాండ్ మొదటి  నుండి, 'గట్స్. గ్లోరీ. రామ్' అనే నినాదాన్ని ఉపయోగించింది.",
RENAULT,"గ్రూప్ రెనాల్ట్( ఇంగ్లీషులో రెనాల్ట్ గ్రూప్ అని కూడా పిలుస్తారు; చట్టబద్ధంగా రెనాల్ట్ ఎస్.ఎ. )ఒక ఫ్రెంచ్ బహుళజాతి ఆటోమొబైల్ తయారీ సంస్థ .ఇది 1899 సంవత్సరంలో స్థాపించబడింది. ఈ సంస్థ అనేక రకాల కార్లు, వ్యాన్లను ఉత్పత్తి చేస్తుంది. గతంలో ట్రక్కులు, ట్రాక్టర్లు, ట్యాంకులు, బస్సులు / కోచ్‌లు, విమానం ,విమాన ఇంజిన్లు ,ఆటోరైల్ వాహనాలను తయారు చేసింది.\nఆర్గనైజేషన్ ఇంటర్నేషనల్ డెస్ కన్స్ట్రక్టర్స్ డి ఆటోమొబైల్స్ ప్రకారం, 2016 సంవత్సరంలో రెనాల్ట్ ఉత్పత్తి పరిమాణంలో ప్రపంచంలో తొమ్మిదవ అతిపెద్ద ఆటోమేకర్. 2017 సంవత్సరం నాటికి, రెనాల్ట్-నిస్సాన్-మిట్సుబిషి కూటమి  ప్రపంచంలో అతిపెద్ద  తేలికపాటి వాహనాల అమ్మకందారుగా మారింది.",
ROLLS-ROYCE,"రోల్స్ రాయిస్ మోటార్ కార్స్ లిమిటెడ్ బ్రిటిష్ లగ్జరీ ఆటోమొబైల్ తయారీ సంస్థ. రోల్స్ రాయిస్ మోటార్స్ కార్స్ లిమిటెడ్ ప్రత్యేక రోల్స్ రాయిస్ బ్రాండెడ్ మోటారు కార్ల తయారీదారు.\nరోల్స్ రాయిస్ బ్రాండ్ 1906 సంవత్సరం నుండి ఉపయోగంలో ఉన్నప్పటికీ, బి.ఎమ్.డబ్ల్యు ఎజి కి రోల్స్ రాయిస్ మోటార్ కార్స్  అనుబంధ సంస్థగా ఉంది, తరువాత వోక్స్ వ్యాగన్ ఎజికి అనుబంధ సంస్థగా ఉన్న బెంట్లీ మోటార్స్ లిమిటెడ్ రోల్స్ రాయిస్ మోటార్స్ కు ప్రత్యక్ష వారసుడు, బి.ఎమ్.డబ్ల్యు నియంత్రిత సంస్థ రోల్స్ రాయిస్ బ్రాండ్ కింద కార్లను ఉత్పత్తి చేయడం ప్రారంభించింది.\nరోల్స్ రాయిస్ ఫాంటమ్ నాలుగు-డోర్ల సెడాన్ 2003 సంవత్సరంలో అమ్మకం కోసం అందించిన మొదటి ఉత్పత్తి. అప్పటి నుండి, కంపెనీ  విస్తరించిన వీల్‌బేస్, రెండు-డోర్ల కూపే , ఫాంటమ్ సెడాన్ కన్వర్టిబుల్ వెర్షన్‌లు ,చిన్న ఘోస్ట్ నాలుగు-డోర్ల సెడాన్, వ్రైత్ రెండు-డోర్ల కూపే, డాన్ కన్వర్టిబుల్ , కుల్లినన్ ఎస్‌యువి చేర్చడానికి కంపెనీ తన ఉత్పత్తి శ్రేణిని విస్తరించింది.",
SKODA,"స్కోడా ఆటో ఎ.ఎస్( స్కోడా) ఇది చెక్ ఆటోమొబైల్ తయారీ సంస్థ,ఇది 1895 సంవత్సరంలో లౌరిన్ & క్లెమెంట్‌గా స్థాపించబడింది.దీని  ప్రధాన కార్యాలయం చెక్ రిపబ్లిక్‌లోని మ్లాడే బోలెస్లావ్‌లో ఉంది.1925 సంవత్సరంలో లౌరిన్ &క్లెమెంట్ ను పారిశ్రామిక సమ్మేళన సంస్థ స్కోడా వర్క్స్ కొనుగోలు చేసింది. ఇది 1948 సంవత్సరంలో ప్రభుత్వ యాజమాన్యంలోకి వచ్చింది. 1991  సంవత్సరం తరువాత ఇది క్రమంగా జర్మన్ వోక్స్వ్యాగన్ గ్రూపుకు ప్రైవేటీకరించబడింది, 1994 సంవత్సరంలో అనుబంధ సంస్థగా, 2000 సంవత్సరంలో పూర్తిగా స్వంత సంస్థగా  ఉంది. స్కోడా ఆటోమొబైల్స్ 100 దేశాలకు పైగా అమ్ముడవుతున్నాయి . 2018 సంవత్సరంలో మొత్తం ప్రపంచ అమ్మకాలు 1.25 మిలియన్ యూనిట్లకు చేరుకున్నాయి. 2017 నాటికి, పార్శ్  తరువాత వోక్స్వ్యాగన్ ఎజి బ్రాండ్లలో స్కోడా లాభం రెండవ స్థానంలో ఉంది. ",
SMART FORTWO,"స్మార్ట్ ఫోర్ట్‌వో అనేది రియర్ -ఇంజిన్, రియర్-వీల్-డ్రైవ్, 2-ప్యాసింజర్ హ్యాచ్‌బ్యాక్ మైక్రోకార్, దీనిని 1998 సంవత్సరంలో ప్రవేశపెట్టిన జర్మన్ బహుళజాతి డైమ్లెర్ ఎజి స్మార్ట్ డివిజన్ తయారు చేసి  విక్రయించింది . ఇప్పుడు దాని మూడవ తరంలో ఉంది.\nమొదటి తరం 1998 సంవత్సరం పారిస్ మోటార్ షోలో ప్రవేశపెట్టిన డబ్ల్యు450 బిల్డ్ సిరీస్‌గా అంతర్గతంగా నియమించబడింది. డబ్ల్యు451 బిల్డ్ సిరీస్‌ను 2006 సంవత్సరం  బోలోగ్నా మోటార్ షోలో ప్రవేశపెట్టారు. మూడవ తరం ఫోర్ట్‌వో (2014–) అంతర్గతంగా సి453 బిల్డ్ సిరీస్‌గా నియమించబడింది, ప్రపంచవ్యాప్తంగా జూలై 16, 2014 సంవత్సరంలో బెర్లిన్‌లోని టెంపోడ్రోమ్‌లో ప్రారంభమైంది, దీనికి దగ్గరి సంబంధం ఉన్న నాలుగు-డోర్ల వెర్షన్, స్మార్ట్ ఫోర్ఫోర్, మూడవ తరం రెనాల్ట్ ట్వింగోతో అదే  వేదిక, ఇంజిన్లను సహ-అభివృద్ధి చేసిపంచుకుంది.",
SUBARU,"ఫ్లాట్ ఫారంసుబారు అనేది జపనీస్ రవాణా సమ్మేళనం సుబారు కార్పొరేషన్ ( ఫుజి హెవీ ఇండస్ట్రీస్) ఆటోమొబైల్ తయారీ విభాగం, ఇది 2017 సంవత్సరంలో ప్రపంచవ్యాప్తంగా ఉత్పత్తిలో  ఇరవైఒకటి వ  అతిపెద్ద వాహన తయారీదారు.\nసుబారు కార్లు 1500 సిసి కంటే ఎక్కువ వాహనాల్లో బాక్సర్ ఇంజిన్ లేఅవుట్ వాడకానికి ప్రసిద్ది చెందాయి. సిమెట్రిక్ ఆల్ వీల్ డ్రైవ్ డ్రైవ్-ట్రైన్ లేఅవుట్ 1972 సంవత్సరంలో ప్రవేశపెట్టబడింది. రెండూ 1996 సంవత్సరం నాటికి చాలా మార్కెట్లలో మధ్య-పరిమాణం(మిడ్-సైజ్)  ,చిన్న కార్లకు ప్రామాణిక పరికరాలుగా మారాయి. ఏకైక మినహాయింపు బిఆర్జెడ్, టయోటాతో భాగస్వామ్యం ద్వారా 2012 సంవత్సరంలో ప్రవేశపెట్టబడింది, ఇది బాక్సర్ ఇంజిన్ ను రియర్ వీల్ డ్రైవ్ తో జత చేస్తుంది. సుబారు వారి ప్యాసింజర్ కార్ల టర్బోఛార్జ్డ్ వెర్షన్ లను, డబ్ల్యుఆర్ఎక్స్, లెగసీ, అవుట్‌బ్యాక్ ఎక్స్‌టి, అసెంట్ ,గతంలో లెగసీ జిటి ,ఫారెస్టర్ ఎక్స్‌టిలను కూడా అందిస్తుంది.",
TATA,"టాటా మోటార్స్ లిమిటెడ్ అనేది భారతీయ బహుళజాతి ఆటోమోటివ్ తయారీ సంస్థ.  దీని ప్రధాన కార్యాలయం భారతదేశంలోని మహారాష్ట్రలోని ముంబైలో ఉంది.  ఇది టాటా గ్రూప్ లో భాగం. ఈ కంపెనీ ప్యాసింజర్ కార్లు, ట్రక్కులు, వ్యాన్ లు, కోచ్ లు, బస్సులు, స్పోర్ట్స్ కార్లు, నిర్మాణ పరికరాలు , సైనిక వాహనాలను ఉత్పత్తి చేస్తుంది. టాటా మోటార్స్ 1988 సంవత్సరంలో టాటామొబైల్ ప్రారంభించడంతో ప్యాసింజర్ వేహికల్ మార్కెట్లోకి ప్రవేశించింది, తరువాత 1991 సంవత్సరంలో టాటా సియెర్రా ప్రవేశించింది. 1998 సంవత్సరంలో టాటా మొట్టమొదటి పూర్తి స్వదేశీ భారతీయ ప్రయాణీకుల కారు ఇండికాను విడుదల చేసింది.  2008 సంవత్సరంలో ప్రపంచంలోనే అత్యంత చౌకైన కారు అయిన టాటా నానోను విడుదల  చేసింది. టాటా మోటార్స్ 2004 సంవత్సరంలో దక్షిణ కొరియా ట్రక్ తయారీదారు డేవూ కమర్షియల్ వెహికల్స్ కంపెనీని, 2008 సంవత్సరంలో ఫోర్డ్ నుంచి జాగ్వార్ ల్యాండ్ రోవర్ ను కొనుగోలు చేసింది.",
TESLA,"టెస్లా, ఇన్కార్పొరేటెడ్ . కాలిఫోర్నియాలోని పాలో ఆల్టోలో ఉన్న ఒక అమెరికన్ ఎలక్ట్రిక్ వాహనం ,క్లీన్ ఎనర్జీ సంస్థ. టెస్లా  ప్రస్తుత ఉత్పత్తులలో ఎలక్ట్రిక్ కార్లు, ఇంటి నుండి గ్రిడ్-స్థాయికి బ్యాటరీ శక్తి నిల్వ, సౌర ఫలకాలు , సౌర పైకప్పు పలకలు, అలాగే ఇతర సంబంధిత ఉత్పత్తులు,సేవలు ఉన్నాయి. 2020 సంవత్సరంలో, టెస్లా ప్లగ్-ఇన్, బ్యాటరీ ఎలక్ట్రిక్ ప్యాసింజర్ కార్ విభాగాలలో అత్యధిక అమ్మకాలను కలిగి ఉంది.  ప్లగ్-ఇన్ మార్కెట్లో 16% (ఇందులో ప్లగ్-ఇన్ హైబ్రిడ్లను కలిగి ఉంది) , 23% బ్యాటరీ-ఎలక్ట్రిక్ (పూర్తిగా విద్యుత్) మార్కెట్ను స్వాధీనం చేసుకుంది .జూలై 2003 సంవత్సరంలో మార్టిన్ ఎబెర్హార్డ్ , మార్క్ టార్పెన్నింగ్ చేత టెస్లా మోటార్స్ గా స్థాపించబడినది .  ఈ సంస్థకు  ఆవిష్కర్త , ఎలక్ట్రికల్ ఇంజనీర్ నికోలా టెస్లాకు నివాళిగా టెస్లా పేరు పెట్టారు.. ప్రారంభ రోజుల్లో ఎక్కువ నిధులు సమకూర్చిన ఎలోన్ మస్క్ 2008 సంవత్సరం నుండి సీఈఓగా పనిచేశారు. మస్క్ ప్రకారం, టెస్లా  ఉద్దేశ్యం ఎలక్ట్రిక్ వాహనాలు, సౌర శక్తి ద్వారా పొందిన స్థిరమైన రవాణా , శక్తికి తరలింపును వేగవంతం చేయడానికి సహాయపడుతుంది. టెస్లా తన మొదటి కార్ మోడల్ రోడ్‌స్టర్‌ను 2009 సంవత్సరంలో ఉత్పత్తి చేయడం ప్రారంభించింది. దీని తరువాత 2012 సంవత్సరంలో మోడల్ ఎస్ సెడాన్, 2015 సంవత్సరంలో మోడల్ ఎక్స్ ఎస్‌యువి, 2017 సంవత్సరంలో అధిక వాల్యూమ్ మోడల్ 3 సెడాన్ , 2020 సంవత్సరంలో మోడల్ వై క్రాస్ఓవర్ ఉన్నాయి. మోడల్ 3 ప్రపంచంలోనే అత్యధికంగా అమ్ముడైన ప్లగ్-ఇన్ ఎలక్ట్రిక్ కారు, 2020 సంవత్సరం డిసెంబర్ నాటికి 800,000 కన్నా ఎక్కువ పంపిణీ చేయబడింది. టెస్లా ప్రపంచ వాహన అమ్మకాలు 2020 సంవత్సరంలో 499,550 యూనిట్లు,మునుపటి సంవత్సరం పోలిస్తే 35.8% పెరుగుదల. 2020 సంవత్సరంలో కంపెనీ ఉత్పత్తి చేసిన 1 మిలియన్ ఎలక్ట్రిక్ కార్ల మార్కును అధిగమించింది . సీఈఓ ఎలోన్ మస్క్  ప్రకటనలు, చర్యల నుండి తలెత్తిన అనేక వ్యాజ్యాలు , వివాదాలు, సృజనాత్మక అకౌంటింగ్, విజిల్బ్లోయర్ ప్రతీకారం, కార్మికుల హక్కుల ఉల్లంఘన, వారి ఉత్పత్తులతో పరిష్కరించబడని ప్రమాదకరమైన సాంకేతిక సమస్యలు  వివాదాలకు దారితీసింది.",
TOYOTA,"టయోటా మోటార్ కార్పొరేషన్ ని టయోటా అని పిలుస్తారు, ఇది జపనీస్ బహుళజాతి ఆటోమోటివ్ తయారీ సంస్థ. దీని ప్రధాన కార్యాలయం  జపాన్ లోని ఐచిలోని టయోటాలో ఉంది . దీనిని కిచిరో టొయోడా స్థాపించి , 1937 సంవత్సరం ఆగస్టు 28న విలీనం చేశారు. టయోటా ప్రపంచంలోని అతిపెద్ద ఆటోమొబైల్ తయారీదారులలో ఒకటి, అమ్మకాల ఆధారంగా దాని అనుబంధ సంస్థలను కలిగి ఉంది.ఇది 2012 సంవత్సరం నుండి  టయోటా సంవత్సరానికి 10 మిలియన్లకు పైగా వాహనాలను ఉత్పత్తి చేసి  ప్రపంచంలోని మొట్టమొదటి ఆటోమొబైల్ తయారీదారుగా ఉంది. ఇది దాని 200 మిలియన్ల  వాహన  ఉత్పత్తిని కూడా నివేదించింది. జూలై 2014 సంవత్సరం నాటికి, టయోటా మార్కెట్ క్యాపిటలైజేషన్ ,ఆదాయం ద్వారా జపాన్ లో అతిపెద్ద లిస్టెడ్ కంపెనీగా ఉంది.",
VOLKSWAGEN,"వోక్స్ వ్యాగన్ 1937 సంవత్సరంలో జర్మన్ లేబర్ ఫ్రంట్ చేత స్థాపించబడింది. ఇది జర్మన్ మోటారు వాహన తయారీ సంస్థ, ఐకానిక్ బీటిల్ కు ప్రసిద్ది చెందింది. దీని ప్రధాన కార్యాలయం వోల్ఫ్స్బర్గ్లో ఉంది.ఇది వోక్స్ వ్యాగన్ గ్రూప్  ప్రధాన బ్రాండ్.  ఇది 2016,2017 సంవత్సరాల్లో ప్రపంచవ్యాప్త అమ్మకాల ద్వారా అతిపెద్ద కార్ల తయారీదారు . ఈ గ్రూపు అతిపెద్ద మార్కెట్ చైనాలో ఉంది, ఇది అమ్మకాలు,లాభాలలో 40% అందిస్తుంది. వోక్స్ వ్యాగన్  ప్రసిద్ధ నమూనాలు గోల్ఫ్, జెట్టా, పాసాట్, అట్లాస్, టిగువాన్లు ఉన్నాయి. జర్మన్ లో  వోల్క్ అంటే  'ప్రజలు' , అందువలన వోక్స్ వ్యాగన్ కి  'ప్రజల కారు' అని పేరొచ్చింది.",
VOLVO,"వోల్వో గ్రూప్  ఒక  స్వీడిష్ బహుళజాతి తయారీ సంస్థ. దీని   ప్రధాన కార్యాలయం  గోథెన్‌బర్గ్‌లో ఉంది. ట్రక్కులు, బస్సులు ,నిర్మాణ పరికరాల ఉత్పత్తి, పంపిణీ, అమ్మకం దాని ప్రధాన కార్యాచరణ. అయితే, వోల్వో సముద్ర, పారిశ్రామిక డ్రైవ్ వ్యవస్థలు, ఆర్థిక సేవలను కూడా సరఫరా చేస్తుంది. 2016 సంవత్సరంలో, ఇది హెవీ డ్యూటీ ట్రక్కుల తయారీలో ప్రపంచంలో రెండవ అతిపెద్ద సంస్థ. ఆటోమొబైల్ తయారీదారు వోల్వో కార్స్, గోథెన్‌బర్గ్‌లో కూడా ఉన్నాయి.  ఇది 1999 సంవత్సరం వరకు ఫోర్డ్ మోటార్ కంపెనీకి విక్రయించబడే వరకు ఎబి వోల్వోలో భాగంగా ఉంది.\n2010 సంవత్సరం నుండి ఇది చైనీస్ బహుళజాతి ఆటోమోటివ్ సంస్థ గీలీ హోల్డింగ్ గ్రూప్ యాజమాన్యంలో ఉంది. ఎబి వోల్వో , వోల్వో కార్స్ రెండూ వోల్వో  లోగోను పంచుకుంటూ స్వీడన్ లో వోల్వో మ్యూజియంను నడపడానికి సహకరిస్తాయి.ఈ సంస్థ మొట్టమొదట 1935 సంవత్సరంలో స్టాక్ హోమ్ స్టాక్ ఎక్స్ఛేంజ్ లో జాబితా చేయబడింది. 1985 సంవత్సరం నుండి 2007 సంవత్సరం వరకు నాస్డాక్ సూచీలలో ఉంది.",
